<?xml version="1.0" encoding="UTF-8"?>
<project-private xmlns="http://www.netbeans.org/ns/project-private/1">
    <editor-bookmarks xmlns="http://www.netbeans.org/ns/editor-bookmarks/2" lastBookmarkId="1">
        <file>
            <url>test/MyPriorityQueueTest.java</url>
            <bookmark id="1">
                <name/>
                <line>56</line>
                <key/>
            </bookmark>
        </file>
    </editor-bookmarks>
    <open-files xmlns="http://www.netbeans.org/ns/projectui-open-files/2">
        <group>
            <file>file:/C:/Users/Faaiz/Documents/NetBeansProjects/WordLadders/src/GraphNode.java</file>
            <file>file:/C:/Users/Faaiz/Documents/NetBeansProjects/WordLadders/src/Queue.java</file>
            <file>file:/C:/Users/Faaiz/Documents/NetBeansProjects/WordLadders/src/SearchPath.java</file>
            <file>file:/C:/Users/Faaiz/Documents/NetBeansProjects/WordLadders/src/MyPriorityQueue.java</file>
            <file>file:/C:/Users/Faaiz/Documents/NetBeansProjects/WordLadders/test/SearchPathTest.java</file>
        </group>
    </open-files>
</project-private>
